patient_id,measurement_type,count,mean,min,max,std
1,Cholesterol,4,160.99733244145048,157.86194571991075,164.88454338791172,2.918153608554135
1,DiastolicPressure,7,70.42857142857143,68.0,72.0,1.511857892036912
1,ECG,413,0.032285312478186314,-0.6203395502752094,0.7843940082591837,0.37948019259522786
1,RedBloodCells,4,5.9505578907100105,5.9025557269874485,5.981583196024199,0.033836020429153346
1,SystolicPressure,7,115.85714285714286,114.0,118.0,1.2149857925879126
1,WhiteBloodCells,4,9.729836704890921,9.483971862874313,10.060725387870905,0.24346851124327087
2,Cholesterol,3,191.75314021097907,189.26178932541296,194.7608006652385,2.7856261606550223
2,DiastolicPressure,6,76.0,75.0,77.0,0.8944271909999163
2,ECG,413,0.013144907009647395,-0.6137044624315395,0.7919075390694099,0.3741878637424337
2,RedBloodCells,3,5.716871159589716,5.635432758573081,5.790098231161591,0.07765900817802532
2,SystolicPressure,6,116.83333333333333,116.0,118.0,0.7527726527090798
2,WhiteBloodCells,3,8.917658524383322,8.45239028966447,9.18772933650584,0.40466949946046366
3,Cholesterol,3,159.36991071080752,157.01089715840433,162.0327813084278,2.524693433272682
3,DiastolicPressure,7,71.71428571428571,68.0,73.0,1.9760470401187047
3,ECG,413,0.035201004424340786,-0.6245299485588941,0.7877923250881744,0.3975412935533453
3,RedBloodCells,3,5.001840835808288,4.96599161041094,5.035545935279074,0.03482669929748092
3,SystolicPressure,7,121.42857142857143,119.0,124.0,1.6183471874253763
3,WhiteBloodCells,3,4.4108149597139885,4.153556401169463,4.776636943335859,0.3254179673204689
4,Cholesterol,2,165.08799082726253,161.7538885047727,168.42209314975236,4.715132722804747
4,DiastolicPressure,5,78.6,78.0,80.0,0.8944271909999167
4,ECG,413,0.041025034102077654,-0.6171824416167723,0.7926701801461516,0.39034682938088383
4,RedBloodCells,2,4.69045991829762,4.639259134961348,4.741660701633892,0.07240884219828221
4,SystolicPressure,5,125.8,125.0,127.0,0.8366600265340751
4,WhiteBloodCells,2,7.4265428869552625,7.14752255498993,7.705563218920594,0.3945943376432163
5,Cholesterol,3,199.08058843069054,195.43107425711597,201.69957729927785,3.258837123969596
5,DiastolicPressure,5,78.0,76.0,80.0,1.4142135623730963
5,ECG,413,0.027957176245396308,-0.6168630331999798,0.77084763593399,0.37885533788029097
5,RedBloodCells,3,4.99571359473025,4.917241499479032,5.076792983949308,0.07980769095483974
5,SystolicPressure,5,124.8,124.0,126.0,1.095445115010332
5,WhiteBloodCells,3,7.808461746402005,7.710406584656551,7.97545074374926,0.14534788211519337
6,Cholesterol,2,188.63567812122275,188.41234518127408,188.85901106117143,0.31584047260007403
6,DiastolicPressure,4,83.25,82.0,85.0,1.500000000000002
6,ECG,413,0.025796877789959264,-0.6090211595229396,0.7801080878653307,0.39481876838599206
6,RedBloodCells,2,5.3776805136303105,5.336821648719205,5.418539378541416,0.057783160900455516
6,SystolicPressure,4,124.0,123.0,125.0,1.1547005383792495
6,WhiteBloodCells,2,4.420693343061897,4.403661610881064,4.4377250752427315,0.02408650664084139
7,Cholesterol,3,153.19284461425693,150.16723866516884,157.37071388743786,3.7374184801140595
7,DiastolicPressure,4,81.75,80.0,83.0,1.258305739211793
7,ECG,413,0.027910429980366587,-0.6206831086632439,0.7901832742222719,0.39515172572934615
7,RedBloodCells,3,5.203230590385673,5.160836181143016,5.234143897840706,0.03797850846927156
7,SystolicPressure,4,109.5,108.0,111.0,1.2909944487358047
7,WhiteBloodCells,3,8.923152198879764,8.721763875424386,9.085045404643203,0.1848330749866369
8,Cholesterol,3,166.1392026539739,164.8666114264747,166.96643873597606,1.1185144552698052
8,DiastolicPressure,6,79.66666666666667,77.0,82.0,1.6329931618554498
8,ECG,413,0.01670551951750842,-0.6227516634427231,0.7847480055032446,0.38323929402167917
8,RedBloodCells,3,5.12766210089601,5.054841368727775,5.175227181456715,0.06404351591060924
8,SystolicPressure,6,119.66666666666667,118.0,122.0,1.366260102127946
8,WhiteBloodCells,3,6.606468335944926,6.4736938819565895,6.777162682914747,0.1552474379870433
9,Cholesterol,2,176.41674952777456,173.9017602607036,178.9317387948455,3.5567319307145002
9,DiastolicPressure,5,73.6,72.0,74.0,0.8944271909999163
9,ECG,413,0.06045723420288266,-0.5894088004812528,0.7634465746478755,0.38325154382384946
9,RedBloodCells,2,5.446964085866075,5.391388098882525,5.502540072849623,0.07859631453440565
9,SystolicPressure,5,121.2,120.0,122.0,1.095445115010332
9,WhiteBloodCells,2,9.436596626086864,9.39649125587516,9.476701996298567,0.05671755847738512
10,Cholesterol,2,146.59678105045074,146.1333545398229,147.06020756107858,0.6553840564931315
10,DiastolicPressure,7,81.85714285714286,78.0,86.0,2.672612419124248
10,ECG,413,0.06005722352421519,-0.616344789263311,0.7825209836323793,0.37001462111259226
10,RedBloodCells,2,4.730115200016904,4.724435962535114,4.7357944374986936,0.008031654670684413
10,SystolicPressure,7,118.42857142857143,115.0,121.0,2.4397501823713323
10,WhiteBloodCells,2,4.4532171598202535,4.238309573242464,4.668124746398043,0.3039252235951796
11,Cholesterol,3,192.2599028696275,190.37385201029352,195.05657050096596,2.4706032248852394
11,DiastolicPressure,4,78.0,76.0,80.0,1.6329931618554536
11,ECG,413,0.003414010023176366,-0.6216848898831479,0.7831360952354252,0.39266841895716653
11,RedBloodCells,3,5.741918265962127,5.6810833065013995,5.832288808508283,0.07981252383201275
11,SystolicPressure,4,114.5,114.0,115.0,0.5773502691896257
11,WhiteBloodCells,3,5.8559781615217945,5.460356868407754,6.350048785490052,0.4529427446042446
12,Cholesterol,3,163.04790233451544,162.51314749774065,163.9481925176095,0.7842516301029556
12,DiastolicPressure,6,72.0,70.0,74.0,1.4142135623730958
12,ECG,413,0.021099291343588244,-0.6198844595922043,0.7914464154113728,0.38729090177073916
12,RedBloodCells,3,5.011560304558333,4.945805059471272,5.067401074033827,0.06140130543696535
12,SystolicPressure,6,125.66666666666667,125.0,127.0,0.8164965809277245
12,WhiteBloodCells,3,6.57541164512048,6.401934646107982,6.693745059330526,0.15352179169397032
13,Cholesterol,3,172.00985767162422,170.81091230604915,173.1917486569227,1.1905097947203978
13,DiastolicPressure,6,67.66666666666667,66.0,69.0,1.032795558988646
13,ECG,413,0.027602597978266544,-0.6202847678689226,0.78557435883713,0.3859344131446581
13,RedBloodCells,3,5.246032910280919,5.206078243626465,5.283090444073122,0.038587754385622716
13,SystolicPressure,6,119.33333333333333,117.0,122.0,1.7511900715418258
13,WhiteBloodCells,3,8.432008186789425,8.2884248722887,8.550815871377916,0.13293845560604398
14,Cholesterol,3,166.44343135191863,165.26520764497965,167.1307730426385,1.0250889857085481
14,DiastolicPressure,7,75.42857142857143,74.0,77.0,0.9759000729485292
14,ECG,413,0.020127105130118877,-0.5994027364872997,0.7877993285896263,0.3890358771064153
14,RedBloodCells,3,5.23220332055107,5.205347358824003,5.254368059033005,0.024844776994308967
14,SystolicPressure,7,114.42857142857143,113.0,116.0,0.9759000729485344
14,WhiteBloodCells,3,8.048751576260914,7.73945381670144,8.271139366282735,0.2762922148960546
15,Cholesterol,4,172.91466083399587,169.87941670027945,177.49462660998006,3.235238702335998
15,DiastolicPressure,4,76.5,76.0,77.0,0.5773502691896278
15,ECG,413,0.0027780645493875413,-0.6163116529650537,0.7822846690372596,0.3857695047804621
15,RedBloodCells,4,5.483513710137945,5.455261513673858,5.523910637407934,0.03002258114950632
15,SystolicPressure,4,115.0,113.0,117.0,1.6329931618554536
15,WhiteBloodCells,4,8.758355229827432,8.436215666696357,9.29995011844956,0.3923177156291835
16,Cholesterol,4,164.95215914445967,160.02871665956673,167.5746482983499,3.4106685573186324
16,DiastolicPressure,7,78.28571428571429,76.0,80.0,1.3801311186847072
16,ECG,413,0.03958763483019739,-0.6208846475233356,0.7771852982122448,0.39150878048166377
16,RedBloodCells,4,5.4031838940961165,5.3295276098405555,5.466853335263274,0.07362140262932898
16,SystolicPressure,7,120.57142857142857,119.0,122.0,0.9759000729485339
16,WhiteBloodCells,4,8.77360971595531,8.57592564954243,8.980214572538118,0.17898732054690025
17,Cholesterol,3,188.7987665091723,187.5532856885604,191.076377378092,1.9753513841026822
17,DiastolicPressure,4,73.25,72.0,75.0,1.500000000000002
17,ECG,413,0.02464762105172411,-0.6063746814220392,0.7839817219524847,0.38734580868490315
17,RedBloodCells,3,5.6729757343862985,5.639707197673033,5.6942686538853415,0.029185607441821148
17,SystolicPressure,4,120.75,120.0,121.0,0.4999999999999988
17,WhiteBloodCells,3,6.055573767325001,5.793391021267929,6.242183737194025,0.23374592797021457
18,Cholesterol,3,198.84201488709832,193.7439596967263,202.4062054198809,4.5302517405690335
18,DiastolicPressure,7,78.28571428571429,77.0,80.0,1.2535663410560167
18,ECG,413,0.00935218312197066,-0.6209914144368097,0.7823718637590463,0.389199250037806
18,RedBloodCells,3,5.211660806813815,5.184523658202768,5.232280328703925,0.024536391093518874
18,SystolicPressure,7,116.14285714285714,114.0,117.0,1.0690449676496974
18,WhiteBloodCells,3,7.315388786829889,6.921408406395988,7.575396739135316,0.3469677844754047
19,Cholesterol,4,168.79141957748158,165.41385022145144,171.41839253876782,2.7695284182261184
19,DiastolicPressure,4,79.25,79.0,80.0,0.5
19,ECG,413,0.01603003658831866,-0.6248485111578506,0.7857561182382357,0.39476524753568937
19,RedBloodCells,4,5.246620028307188,5.194753813293717,5.304964687045724,0.04775250993763381
19,SystolicPressure,4,122.0,121.0,123.0,1.1547005383792515
19,WhiteBloodCells,4,5.827407741913751,5.398769520284643,6.242386353491534,0.3450736102040354
20,Cholesterol,2,186.25765549338624,184.94480970522685,187.57050128154563,1.856644318919409
20,DiastolicPressure,5,81.2,81.0,82.0,0.44721359549995815
20,ECG,413,0.012997341206696137,-0.6205005162962033,0.7880910047897175,0.3830464780214853
20,RedBloodCells,2,4.869505541368822,4.849406444287603,4.889604638450041,0.028424415683712987
20,SystolicPressure,5,119.6,118.0,122.0,1.6733200530681525
20,WhiteBloodCells,2,9.182895028493089,9.077225131884187,9.28856492510199,0.14943980091887135
